Feature,Target,IC,Abs_IC,N
DaysUntilNextEarnings,FwdRet_10D,0.03799320575920568,0.03799320575920568,162442
RS10_Pct,FwdRet_10D,0.03760768209796751,0.03760768209796751,194860
DaysSinceEarnings,FwdRet_10D,-0.034554513486419296,0.034554513486419296,189452
RS5_Pct,FwdRet_10D,0.02143190436891677,0.02143190436891677,194860
Daily_CLV,FwdRet_10D,-0.01980490575428261,0.01980490575428261,194860
RVOL_Pct,FwdRet_10D,0.015775018930709258,0.015775018930709258,194860
GapExtensionATR,FwdRet_10D,0.009191835831116955,0.009191835831116955,192614
DollarVolume20,FwdRet_10D,0.007274547932565689,0.007274547932565689,192614
DollarVolume,FwdRet_10D,0.00667911980311952,0.00667911980311952,194860
High52_Proximity,FwdRet_10D,0.004797332219871994,0.004797332219871994,194860
VolatilityContraction,FwdRet_10D,0.004124687775583509,0.004124687775583509,192614
ATR_Expansion,FwdRet_10D,0.00304728219215241,0.00304728219215241,192614
GapPct,FwdRet_10D,0.001273969541946132,0.001273969541946132,194770
